Episode,Reward,Epsilon
0,-3.9000000000000057,1.0
1,-4.600000000000003,0.7705488893118823
2,-5.999999999999998,0.6305556603555866
3,-2.70000000000001,0.43732904629000013
4,-4.900000000000002,0.3386767948568688
5,-7.8,0.3033145315372582
6,-6.799999999999999,0.2583638820072446
7,-5.999999999999998,0.21142436319205632
8,-6.699999999999999,0.17919120740315364
9,-4.200000000000005,0.13398475271138335
10,-4.5000000000000036,0.10170090558064004
11,-7.8,0.09108200798387568
12,-5.799999999999999,0.07379076075438468
13,-7.5,0.06509970288011008
14,-7.8,0.05830244700006734
15,-8.0,0.052741004581916356
16,-5.799999999999999,0.04272851397543923
17,-4.300000000000004,0.032109488810599975
18,-6.799999999999999,0.027350922279685573
19,-3.500000000000007,0.019745685882295267
20,-7.199999999999999,0.017160047465104442
21,-7.3999999999999995,0.01506324653745902
22,-7.6,0.01335588042198471
23,-7.3999999999999995,0.011723913930325095
24,-4.700000000000003,0.00998645168764533
25,-6.199999999999998,0.00998645168764533
26,18.90000000000014,0.00998645168764533
27,-6.899999999999999,0.00998645168764533
28,0.699999999999978,0.00998645168764533
29,-3.500000000000007,0.00998645168764533
30,-7.199999999999999,0.00998645168764533
31,-7.1,0.00998645168764533
32,-7.9,0.00998645168764533
33,4.299999999999965,0.00998645168764533
34,-8.8,0.00998645168764533
35,-3.1000000000000085,0.00998645168764533
36,-8.4,0.00998645168764533
37,-8.0,0.00998645168764533
38,-5.799999999999999,0.00998645168764533
39,-8.4,0.00998645168764533
40,-7.5,0.00998645168764533
41,-5.4,0.00998645168764533
42,-7.6,0.00998645168764533
43,-6.999999999999999,0.00998645168764533
44,-2.400000000000011,0.00998645168764533
45,-7.1,0.00998645168764533
46,-3.500000000000007,0.00998645168764533
47,-7.6,0.00998645168764533
48,-7.299999999999999,0.00998645168764533
49,-5.300000000000001,0.00998645168764533
50,-5.699999999999999,0.00998645168764533
51,-2.6000000000000103,0.00998645168764533
52,-6.299999999999999,0.00998645168764533
53,-3.9000000000000057,0.00998645168764533
54,-4.8000000000000025,0.00998645168764533
55,-5.000000000000002,0.00998645168764533
56,-2.6000000000000103,0.00998645168764533
57,2.5999999999999712,0.00998645168764533
58,-8.0,0.00998645168764533
59,-6.299999999999999,0.00998645168764533
60,-8.3,0.00998645168764533
61,-6.299999999999999,0.00998645168764533
62,-7.299999999999999,0.00998645168764533
63,-7.3999999999999995,0.00998645168764533
64,-5.999999999999998,0.00998645168764533
65,-3.6000000000000068,0.00998645168764533
66,-7.8,0.00998645168764533
67,-7.1,0.00998645168764533
68,-6.299999999999999,0.00998645168764533
69,-5.999999999999998,0.00998645168764533
70,-3.9000000000000057,0.00998645168764533
71,-6.799999999999999,0.00998645168764533
72,-4.5000000000000036,0.00998645168764533
73,-5.300000000000001,0.00998645168764533
74,-7.1,0.00998645168764533
75,-6.999999999999999,0.00998645168764533
76,-5.300000000000001,0.00998645168764533
77,-6.699999999999999,0.00998645168764533
78,-2.70000000000001,0.00998645168764533
79,2.89999999999997,0.00998645168764533
80,-6.399999999999999,0.00998645168764533
81,-7.1,0.00998645168764533
82,-6.999999999999999,0.00998645168764533
83,-4.300000000000004,0.00998645168764533
84,-5.300000000000001,0.00998645168764533
85,-3.800000000000006,0.00998645168764533
86,-5.6,0.00998645168764533
87,-4.8000000000000025,0.00998645168764533
88,-7.299999999999999,0.00998645168764533
89,-6.399999999999999,0.00998645168764533
90,0.5999999999999783,0.00998645168764533
91,-3.6000000000000068,0.00998645168764533
92,-6.799999999999999,0.00998645168764533
93,7.299999999999974,0.00998645168764533
94,2.7999999999999705,0.00998645168764533
95,-1.7000000000000135,0.00998645168764533
96,-6.399999999999999,0.00998645168764533
97,-4.400000000000004,0.00998645168764533
98,-8.4,0.00998645168764533
99,-4.300000000000004,0.00998645168764533
100,-3.9000000000000057,0.00998645168764533
101,-6.399999999999999,0.00998645168764533
102,-5.6,0.00998645168764533
103,4.699999999999964,0.00998645168764533
104,-6.399999999999999,0.00998645168764533
105,-7.199999999999999,0.00998645168764533
106,-6.199999999999998,0.00998645168764533
107,-6.299999999999999,0.00998645168764533
108,-7.8,0.00998645168764533
109,-5.799999999999999,0.00998645168764533
110,-7.5,0.00998645168764533
111,-2.2000000000000117,0.00998645168764533
112,-6.999999999999999,0.00998645168764533
113,-7.199999999999999,0.00998645168764533
114,-7.1,0.00998645168764533
115,-8.1,0.00998645168764533
116,-2.2000000000000117,0.00998645168764533
117,-6.299999999999999,0.00998645168764533
118,9.400000000000004,0.00998645168764533
119,-3.1000000000000085,0.00998645168764533
120,-4.300000000000004,0.00998645168764533
121,-7.3999999999999995,0.00998645168764533
122,-5.6,0.00998645168764533
123,-7.6,0.00998645168764533
124,-3.300000000000008,0.00998645168764533
125,-7.9,0.00998645168764533
126,-2.3000000000000114,0.00998645168764533
127,-4.200000000000005,0.00998645168764533
128,-6.899999999999999,0.00998645168764533
129,-6.699999999999999,0.00998645168764533
130,-7.6,0.00998645168764533
131,-5.799999999999999,0.00998645168764533
132,-7.8,0.00998645168764533
133,-5.6,0.00998645168764533
134,-6.599999999999999,0.00998645168764533
135,-7.1,0.00998645168764533
136,-4.400000000000004,0.00998645168764533
137,-4.600000000000003,0.00998645168764533
138,-5.799999999999999,0.00998645168764533
139,-6.499999999999998,0.00998645168764533
140,-5.4,0.00998645168764533
141,-6.899999999999999,0.00998645168764533
142,-5.799999999999999,0.00998645168764533
143,-3.500000000000007,0.00998645168764533
144,-5.999999999999998,0.00998645168764533
145,0.5999999999999783,0.00998645168764533
146,-5.5,0.00998645168764533
147,-1.7000000000000135,0.00998645168764533
148,1.4999999999999751,0.00998645168764533
149,-3.6000000000000068,0.00998645168764533
150,-7.8,0.00998645168764533
151,-3.000000000000009,0.00998645168764533
152,-6.599999999999999,0.00998645168764533
153,8.199999999999987,0.00998645168764533
154,2.99999999999997,0.00998645168764533
155,-6.999999999999999,0.00998645168764533
156,-6.199999999999998,0.00998645168764533
157,-6.299999999999999,0.00998645168764533
158,-7.1,0.00998645168764533
159,-8.0,0.00998645168764533
160,-6.099999999999998,0.00998645168764533
161,2.399999999999972,0.00998645168764533
162,-5.200000000000001,0.00998645168764533
163,3.3999999999999684,0.00998645168764533
164,-5.799999999999999,0.00998645168764533
165,-7.699999999999999,0.00998645168764533
166,-8.700000000000001,0.00998645168764533
167,-1.300000000000015,0.00998645168764533
168,0.8999999999999773,0.00998645168764533
169,-6.999999999999999,0.00998645168764533
170,-6.899999999999999,0.00998645168764533
171,-5.699999999999999,0.00998645168764533
172,-7.299999999999999,0.00998645168764533
173,-4.400000000000004,0.00998645168764533
174,-6.499999999999998,0.00998645168764533
175,-8.6,0.00998645168764533
176,-8.4,0.00998645168764533
177,0.8999999999999773,0.00998645168764533
178,-5.300000000000001,0.00998645168764533
179,-8.0,0.00998645168764533
180,-6.999999999999999,0.00998645168764533
181,-7.699999999999999,0.00998645168764533
182,-6.399999999999999,0.00998645168764533
183,-5.4,0.00998645168764533
184,-1.9000000000000128,0.00998645168764533
185,0.0999999999999801,0.00998645168764533
186,-3.000000000000009,0.00998645168764533
187,-6.799999999999999,0.00998645168764533
188,-4.700000000000003,0.00998645168764533
189,-6.899999999999999,0.00998645168764533
190,-4.300000000000004,0.00998645168764533
191,1.799999999999974,0.00998645168764533
192,-6.999999999999999,0.00998645168764533
193,-8.3,0.00998645168764533
194,-8.3,0.00998645168764533
195,-5.699999999999999,0.00998645168764533
196,-2.0000000000000124,0.00998645168764533
197,-5.000000000000002,0.00998645168764533
198,-4.700000000000003,0.00998645168764533
199,-2.400000000000011,0.00998645168764533
200,-8.0,0.00998645168764533
201,-2.5000000000000107,0.00998645168764533
202,-3.300000000000008,0.00998645168764533
203,0.9999999999999769,0.00998645168764533
204,-5.4,0.00998645168764533
205,-8.8,0.00998645168764533
206,-5.300000000000001,0.00998645168764533
207,-4.600000000000003,0.00998645168764533
208,-5.699999999999999,0.00998645168764533
209,-3.6000000000000068,0.00998645168764533
210,-5.300000000000001,0.00998645168764533
211,-2.6000000000000103,0.00998645168764533
212,-3.500000000000007,0.00998645168764533
213,-5.300000000000001,0.00998645168764533
214,-6.999999999999999,0.00998645168764533
215,-6.799999999999999,0.00998645168764533
216,-7.6,0.00998645168764533
217,-6.999999999999999,0.00998645168764533
218,-5.6,0.00998645168764533
219,-7.5,0.00998645168764533
220,-7.1,0.00998645168764533
221,-5.699999999999999,0.00998645168764533
222,-0.3000000000000185,0.00998645168764533
223,-6.899999999999999,0.00998645168764533
224,-5.999999999999998,0.00998645168764533
225,-4.300000000000004,0.00998645168764533
226,-6.799999999999999,0.00998645168764533
227,-6.199999999999998,0.00998645168764533
228,-5.999999999999998,0.00998645168764533
229,-6.299999999999999,0.00998645168764533
230,-8.0,0.00998645168764533
231,2.7999999999999705,0.00998645168764533
232,-2.2000000000000117,0.00998645168764533
233,-5.4,0.00998645168764533
234,-8.1,0.00998645168764533
235,-6.999999999999999,0.00998645168764533
236,-5.4,0.00998645168764533
237,-6.999999999999999,0.00998645168764533
238,5.599999999999961,0.00998645168764533
239,-3.4000000000000075,0.00998645168764533
240,-4.200000000000005,0.00998645168764533
241,-6.999999999999999,0.00998645168764533
242,-6.499999999999998,0.00998645168764533
243,-6.599999999999999,0.00998645168764533
244,-5.699999999999999,0.00998645168764533
245,-4.000000000000005,0.00998645168764533
246,-5.5,0.00998645168764533
247,-8.0,0.00998645168764533
248,-7.199999999999999,0.00998645168764533
249,-4.200000000000005,0.00998645168764533
250,-7.1,0.00998645168764533
251,-7.299999999999999,0.00998645168764533
252,-6.399999999999999,0.00998645168764533
253,-5.899999999999999,0.00998645168764533
254,-8.0,0.00998645168764533
255,-5.6,0.00998645168764533
256,-3.1000000000000085,0.00998645168764533
257,2.89999999999997,0.00998645168764533
258,-6.999999999999999,0.00998645168764533
259,-7.199999999999999,0.00998645168764533
260,-2.400000000000011,0.00998645168764533
261,-7.6,0.00998645168764533
262,-6.599999999999999,0.00998645168764533
263,-5.100000000000001,0.00998645168764533
264,-6.599999999999999,0.00998645168764533
265,-6.799999999999999,0.00998645168764533
266,-7.699999999999999,0.00998645168764533
267,-4.600000000000003,0.00998645168764533
268,-8.0,0.00998645168764533
269,-2.5000000000000107,0.00998645168764533
270,-5.4,0.00998645168764533
271,0.0999999999999801,0.00998645168764533
272,-6.699999999999999,0.00998645168764533
273,-7.699999999999999,0.00998645168764533
274,-2.400000000000011,0.00998645168764533
275,-4.300000000000004,0.00998645168764533
276,-7.3999999999999995,0.00998645168764533
277,-6.799999999999999,0.00998645168764533
278,-6.199999999999998,0.00998645168764533
279,-6.499999999999998,0.00998645168764533
280,-6.699999999999999,0.00998645168764533
281,-4.300000000000004,0.00998645168764533
282,-1.7000000000000135,0.00998645168764533
283,-3.800000000000006,0.00998645168764533
284,-8.5,0.00998645168764533
285,-4.8000000000000025,0.00998645168764533
286,-3.9000000000000057,0.00998645168764533
287,-7.1,0.00998645168764533
288,-8.8,0.00998645168764533
289,-4.700000000000003,0.00998645168764533
290,-4.5000000000000036,0.00998645168764533
291,-6.599999999999999,0.00998645168764533
292,-4.700000000000003,0.00998645168764533
293,-7.299999999999999,0.00998645168764533
294,-8.8,0.00998645168764533
295,-7.5,0.00998645168764533
296,-3.200000000000008,0.00998645168764533
297,-5.300000000000001,0.00998645168764533
298,-5.699999999999999,0.00998645168764533
299,-1.5000000000000142,0.00998645168764533
300,-8.3,0.00998645168764533
301,-7.6,0.00998645168764533
302,-2.400000000000011,0.00998645168764533
303,-3.9000000000000057,0.00998645168764533
304,-6.899999999999999,0.00998645168764533
305,-5.999999999999998,0.00998645168764533
306,0.19999999999997975,0.00998645168764533
307,-4.100000000000005,0.00998645168764533
308,-8.3,0.00998645168764533
309,-4.5000000000000036,0.00998645168764533
310,-7.1,0.00998645168764533
311,-5.000000000000002,0.00998645168764533
312,-7.6,0.00998645168764533
313,-7.3999999999999995,0.00998645168764533
314,-6.599999999999999,0.00998645168764533
315,-5.200000000000001,0.00998645168764533
316,-6.899999999999999,0.00998645168764533
317,-6.799999999999999,0.00998645168764533
318,-7.8,0.00998645168764533
319,-7.5,0.00998645168764533
320,-5.799999999999999,0.00998645168764533
321,-6.399999999999999,0.00998645168764533
322,-5.799999999999999,0.00998645168764533
323,-8.4,0.00998645168764533
324,-5.4,0.00998645168764533
325,-8.8,0.00998645168764533
326,-2.2000000000000117,0.00998645168764533
327,-8.3,0.00998645168764533
328,-7.6,0.00998645168764533
329,-6.399999999999999,0.00998645168764533
330,-8.5,0.00998645168764533
331,-8.3,0.00998645168764533
332,-5.6,0.00998645168764533
333,0.39999999999997904,0.00998645168764533
334,-8.700000000000001,0.00998645168764533
335,-1.9539925233402755e-14,0.00998645168764533
336,-8.9,0.00998645168764533
337,-8.9,0.00998645168764533
338,-8.8,0.00998645168764533
339,-8.700000000000001,0.00998645168764533
340,-6.899999999999999,0.00998645168764533
341,-7.199999999999999,0.00998645168764533
342,-8.6,0.00998645168764533
343,-4.000000000000005,0.00998645168764533
344,-8.9,0.00998645168764533
345,-8.8,0.00998645168764533
346,-7.199999999999999,0.00998645168764533
347,-8.9,0.00998645168764533
348,-5.799999999999999,0.00998645168764533
349,-7.699999999999999,0.00998645168764533
350,-9.0,0.00998645168764533
351,-9.0,0.00998645168764533
352,-7.9,0.00998645168764533
353,-8.8,0.00998645168764533
354,-8.9,0.00998645168764533
355,-7.9,0.00998645168764533
356,-2.100000000000012,0.00998645168764533
357,-2.70000000000001,0.00998645168764533
358,-8.5,0.00998645168764533
359,-5.000000000000002,0.00998645168764533
360,-8.2,0.00998645168764533
361,-6.599999999999999,0.00998645168764533
362,-3.800000000000006,0.00998645168764533
363,-7.3999999999999995,0.00998645168764533
364,-7.1,0.00998645168764533
365,-4.000000000000005,0.00998645168764533
366,-7.1,0.00998645168764533
367,-4.300000000000004,0.00998645168764533
368,-3.1000000000000085,0.00998645168764533
369,-6.499999999999998,0.00998645168764533
370,-1.6000000000000139,0.00998645168764533
371,-6.899999999999999,0.00998645168764533
372,-3.9000000000000057,0.00998645168764533
373,-4.5000000000000036,0.00998645168764533
374,-5.799999999999999,0.00998645168764533
375,-4.8000000000000025,0.00998645168764533
376,-6.699999999999999,0.00998645168764533
377,-2.5000000000000107,0.00998645168764533
378,-7.199999999999999,0.00998645168764533
379,-4.200000000000005,0.00998645168764533
380,-6.799999999999999,0.00998645168764533
381,-8.2,0.00998645168764533
382,-5.200000000000001,0.00998645168764533
383,-6.999999999999999,0.00998645168764533
384,-8.5,0.00998645168764533
385,-4.900000000000002,0.00998645168764533
386,-4.900000000000002,0.00998645168764533
387,-4.300000000000004,0.00998645168764533
388,-5.4,0.00998645168764533
389,-4.8000000000000025,0.00998645168764533
390,-7.1,0.00998645168764533
391,-3.6000000000000068,0.00998645168764533
392,-4.100000000000005,0.00998645168764533
393,-7.199999999999999,0.00998645168764533
394,-5.300000000000001,0.00998645168764533
395,-5.5,0.00998645168764533
396,-8.1,0.00998645168764533
397,-6.999999999999999,0.00998645168764533
398,-8.0,0.00998645168764533
399,-8.2,0.00998645168764533
400,-8.5,0.00998645168764533
401,-6.599999999999999,0.00998645168764533
402,-3.4000000000000075,0.00998645168764533
403,-8.700000000000001,0.00998645168764533
404,-5.799999999999999,0.00998645168764533
405,-7.8,0.00998645168764533
406,-3.7000000000000064,0.00998645168764533
407,-7.299999999999999,0.00998645168764533
408,-4.900000000000002,0.00998645168764533
409,-7.9,0.00998645168764533
410,-7.299999999999999,0.00998645168764533
411,-4.400000000000004,0.00998645168764533
412,-7.1,0.00998645168764533
413,-6.399999999999999,0.00998645168764533
414,-2.9000000000000092,0.00998645168764533
415,-6.599999999999999,0.00998645168764533
416,-7.9,0.00998645168764533
417,-7.5,0.00998645168764533
418,-4.400000000000004,0.00998645168764533
419,-4.300000000000004,0.00998645168764533
420,-5.899999999999999,0.00998645168764533
421,-4.8000000000000025,0.00998645168764533
422,-7.1,0.00998645168764533
423,-7.5,0.00998645168764533
424,-6.699999999999999,0.00998645168764533
425,-5.300000000000001,0.00998645168764533
426,-2.8000000000000096,0.00998645168764533
427,-5.999999999999998,0.00998645168764533
428,-7.1,0.00998645168764533
429,-7.199999999999999,0.00998645168764533
430,-5.699999999999999,0.00998645168764533
431,-6.399999999999999,0.00998645168764533
432,-6.499999999999998,0.00998645168764533
433,-7.9,0.00998645168764533
434,-6.099999999999998,0.00998645168764533
435,-5.699999999999999,0.00998645168764533
436,-8.0,0.00998645168764533
437,-7.3999999999999995,0.00998645168764533
438,-5.899999999999999,0.00998645168764533
439,-4.400000000000004,0.00998645168764533
440,-8.0,0.00998645168764533
441,-6.199999999999998,0.00998645168764533
442,-1.7000000000000135,0.00998645168764533
443,-5.999999999999998,0.00998645168764533
444,-8.8,0.00998645168764533
445,-8.5,0.00998645168764533
446,-7.3999999999999995,0.00998645168764533
447,-4.200000000000005,0.00998645168764533
448,-0.5000000000000178,0.00998645168764533
449,-5.100000000000001,0.00998645168764533
450,-5.200000000000001,0.00998645168764533
451,-7.3999999999999995,0.00998645168764533
452,-8.2,0.00998645168764533
453,-0.20000000000001883,0.00998645168764533
454,-8.2,0.00998645168764533
455,-7.699999999999999,0.00998645168764533
456,-6.699999999999999,0.00998645168764533
457,-8.8,0.00998645168764533
458,-8.0,0.00998645168764533
459,-7.9,0.00998645168764533
460,-8.8,0.00998645168764533
461,-7.1,0.00998645168764533
462,-7.299999999999999,0.00998645168764533
463,-7.699999999999999,0.00998645168764533
464,-7.3999999999999995,0.00998645168764533
465,-3.7000000000000064,0.00998645168764533
466,-5.4,0.00998645168764533
467,-7.1,0.00998645168764533
468,-7.8,0.00998645168764533
469,-4.300000000000004,0.00998645168764533
470,-7.199999999999999,0.00998645168764533
471,-6.799999999999999,0.00998645168764533
472,-5.899999999999999,0.00998645168764533
473,-6.499999999999998,0.00998645168764533
474,-5.200000000000001,0.00998645168764533
475,-8.1,0.00998645168764533
476,-7.199999999999999,0.00998645168764533
477,-8.8,0.00998645168764533
478,-0.20000000000001883,0.00998645168764533
479,-7.299999999999999,0.00998645168764533
480,-7.3999999999999995,0.00998645168764533
481,-5.999999999999998,0.00998645168764533
482,-7.5,0.00998645168764533
483,-8.0,0.00998645168764533
484,-5.200000000000001,0.00998645168764533
485,-4.700000000000003,0.00998645168764533
486,-4.000000000000005,0.00998645168764533
487,-6.899999999999999,0.00998645168764533
488,-6.899999999999999,0.00998645168764533
489,-7.3999999999999995,0.00998645168764533
490,-7.5,0.00998645168764533
491,-6.899999999999999,0.00998645168764533
492,-7.8,0.00998645168764533
493,-8.0,0.00998645168764533
494,-6.999999999999999,0.00998645168764533
495,-8.6,0.00998645168764533
496,-4.400000000000004,0.00998645168764533
497,-7.1,0.00998645168764533
498,-2.9000000000000092,0.00998645168764533
499,-6.199999999999998,0.00998645168764533
500,-8.0,0.00998645168764533
501,-7.3999999999999995,0.00998645168764533
502,-7.699999999999999,0.00998645168764533
503,-7.9,0.00998645168764533
504,-6.199999999999998,0.00998645168764533
505,-5.899999999999999,0.00998645168764533
506,-4.8000000000000025,0.00998645168764533
507,-8.0,0.00998645168764533
508,-6.799999999999999,0.00998645168764533
509,-7.6,0.00998645168764533
510,-7.699999999999999,0.00998645168764533
511,-6.399999999999999,0.00998645168764533
512,-2.6000000000000103,0.00998645168764533
513,-8.5,0.00998645168764533
514,-8.700000000000001,0.00998645168764533
515,-6.499999999999998,0.00998645168764533
516,-7.199999999999999,0.00998645168764533
517,-8.2,0.00998645168764533
518,-8.5,0.00998645168764533
519,-7.6,0.00998645168764533
520,-4.5000000000000036,0.00998645168764533
521,-6.199999999999998,0.00998645168764533
522,-7.3999999999999995,0.00998645168764533
523,-4.200000000000005,0.00998645168764533
524,-6.599999999999999,0.00998645168764533
525,-1.9000000000000128,0.00998645168764533
526,-7.299999999999999,0.00998645168764533
527,-6.599999999999999,0.00998645168764533
528,-8.8,0.00998645168764533
529,-3.6000000000000068,0.00998645168764533
530,-8.6,0.00998645168764533
531,-7.6,0.00998645168764533
532,-8.4,0.00998645168764533
533,-7.3999999999999995,0.00998645168764533
534,-6.599999999999999,0.00998645168764533
535,-7.3999999999999995,0.00998645168764533
536,-8.0,0.00998645168764533
537,-5.4,0.00998645168764533
538,-6.399999999999999,0.00998645168764533
539,-8.2,0.00998645168764533
540,-7.699999999999999,0.00998645168764533
541,-6.999999999999999,0.00998645168764533
542,-6.799999999999999,0.00998645168764533
543,-7.6,0.00998645168764533
544,-7.6,0.00998645168764533
545,-7.5,0.00998645168764533
546,-5.000000000000002,0.00998645168764533
547,-7.3999999999999995,0.00998645168764533
548,-7.299999999999999,0.00998645168764533
549,-7.3999999999999995,0.00998645168764533
550,-7.1,0.00998645168764533
551,-5.300000000000001,0.00998645168764533
552,-8.0,0.00998645168764533
553,-6.899999999999999,0.00998645168764533
554,-7.3999999999999995,0.00998645168764533
555,-6.999999999999999,0.00998645168764533
556,-7.8,0.00998645168764533
557,-7.8,0.00998645168764533
558,-4.900000000000002,0.00998645168764533
559,-6.699999999999999,0.00998645168764533
560,-7.9,0.00998645168764533
561,-8.0,0.00998645168764533
562,-8.0,0.00998645168764533
563,-7.699999999999999,0.00998645168764533
564,-8.0,0.00998645168764533
565,-6.499999999999998,0.00998645168764533
566,-7.699999999999999,0.00998645168764533
567,-7.6,0.00998645168764533
568,-8.5,0.00998645168764533
569,-4.8000000000000025,0.00998645168764533
570,-6.399999999999999,0.00998645168764533
571,-6.699999999999999,0.00998645168764533
572,-7.8,0.00998645168764533
573,-7.9,0.00998645168764533
574,-7.1,0.00998645168764533
575,-6.899999999999999,0.00998645168764533
576,-4.000000000000005,0.00998645168764533
577,-7.6,0.00998645168764533
578,-8.0,0.00998645168764533
579,-6.099999999999998,0.00998645168764533
580,-7.3999999999999995,0.00998645168764533
581,-6.499999999999998,0.00998645168764533
582,-7.1,0.00998645168764533
583,-6.999999999999999,0.00998645168764533
584,-8.0,0.00998645168764533
585,-8.0,0.00998645168764533
586,-8.2,0.00998645168764533
587,-6.799999999999999,0.00998645168764533
588,-8.700000000000001,0.00998645168764533
589,-7.9,0.00998645168764533
590,-7.8,0.00998645168764533
591,-7.8,0.00998645168764533
592,-7.8,0.00998645168764533
593,-6.999999999999999,0.00998645168764533
594,-3.4000000000000075,0.00998645168764533
595,-6.599999999999999,0.00998645168764533
596,-6.699999999999999,0.00998645168764533
597,-7.699999999999999,0.00998645168764533
598,-3.1000000000000085,0.00998645168764533
599,-4.5000000000000036,0.00998645168764533
600,-5.899999999999999,0.00998645168764533
601,-6.999999999999999,0.00998645168764533
602,-8.0,0.00998645168764533
603,-7.8,0.00998645168764533
604,-8.700000000000001,0.00998645168764533
605,-7.6,0.00998645168764533
606,-3.000000000000009,0.00998645168764533
607,-6.599999999999999,0.00998645168764533
608,-4.700000000000003,0.00998645168764533
609,-7.3999999999999995,0.00998645168764533
610,-7.199999999999999,0.00998645168764533
611,-6.599999999999999,0.00998645168764533
612,-7.699999999999999,0.00998645168764533
613,-7.9,0.00998645168764533
614,-6.899999999999999,0.00998645168764533
615,-5.100000000000001,0.00998645168764533
616,-5.100000000000001,0.00998645168764533
617,-7.9,0.00998645168764533
618,-3.500000000000007,0.00998645168764533
619,-8.0,0.00998645168764533
620,-6.299999999999999,0.00998645168764533
621,-6.699999999999999,0.00998645168764533
622,-8.3,0.00998645168764533
623,-5.799999999999999,0.00998645168764533
624,-7.699999999999999,0.00998645168764533
625,-7.8,0.00998645168764533
626,-5.699999999999999,0.00998645168764533
627,-8.0,0.00998645168764533
628,-4.700000000000003,0.00998645168764533
629,-4.8000000000000025,0.00998645168764533
630,-4.300000000000004,0.00998645168764533
631,-8.6,0.00998645168764533
632,-7.8,0.00998645168764533
633,-4.300000000000004,0.00998645168764533
634,-3.300000000000008,0.00998645168764533
635,-7.8,0.00998645168764533
636,-6.899999999999999,0.00998645168764533
637,-8.4,0.00998645168764533
638,-7.299999999999999,0.00998645168764533
639,-6.399999999999999,0.00998645168764533
640,-4.300000000000004,0.00998645168764533
641,-5.699999999999999,0.00998645168764533
642,-8.2,0.00998645168764533
643,-6.699999999999999,0.00998645168764533
644,-6.799999999999999,0.00998645168764533
645,-6.099999999999998,0.00998645168764533
646,-8.5,0.00998645168764533
647,-8.700000000000001,0.00998645168764533
648,-7.299999999999999,0.00998645168764533
649,-7.6,0.00998645168764533
650,-8.0,0.00998645168764533
651,-7.9,0.00998645168764533
652,-7.9,0.00998645168764533
653,-6.899999999999999,0.00998645168764533
654,-6.699999999999999,0.00998645168764533
655,-8.3,0.00998645168764533
656,-7.3999999999999995,0.00998645168764533
657,-4.000000000000005,0.00998645168764533
658,-6.899999999999999,0.00998645168764533
659,-3.9000000000000057,0.00998645168764533
660,-7.1,0.00998645168764533
661,-5.4,0.00998645168764533
662,-5.899999999999999,0.00998645168764533
663,-6.799999999999999,0.00998645168764533
664,-8.8,0.00998645168764533
665,-6.699999999999999,0.00998645168764533
666,-8.0,0.00998645168764533
667,-4.400000000000004,0.00998645168764533
668,-6.799999999999999,0.00998645168764533
669,-8.9,0.00998645168764533
670,-7.9,0.00998645168764533
671,-8.6,0.00998645168764533
672,-1.2000000000000153,0.00998645168764533
673,-4.000000000000005,0.00998645168764533
674,-8.9,0.00998645168764533
675,-9.0,0.00998645168764533
676,-7.9,0.00998645168764533
677,-7.199999999999999,0.00998645168764533
678,-8.3,0.00998645168764533
679,-8.9,0.00998645168764533
680,-8.2,0.00998645168764533
681,-6.499999999999998,0.00998645168764533
682,-6.199999999999998,0.00998645168764533
683,-8.0,0.00998645168764533
684,-7.1,0.00998645168764533
685,-2.0000000000000124,0.00998645168764533
686,-7.299999999999999,0.00998645168764533
687,-8.0,0.00998645168764533
688,-2.5000000000000107,0.00998645168764533
689,-8.0,0.00998645168764533
690,-7.699999999999999,0.00998645168764533
691,-4.300000000000004,0.00998645168764533
692,-7.199999999999999,0.00998645168764533
693,-7.8,0.00998645168764533
694,-5.4,0.00998645168764533
695,-5.799999999999999,0.00998645168764533
696,-7.6,0.00998645168764533
697,-8.0,0.00998645168764533
698,-7.5,0.00998645168764533
699,-7.199999999999999,0.00998645168764533
700,-7.699999999999999,0.00998645168764533
701,-8.5,0.00998645168764533
702,-7.299999999999999,0.00998645168764533
703,-6.899999999999999,0.00998645168764533
704,-8.0,0.00998645168764533
705,-6.399999999999999,0.00998645168764533
706,-7.6,0.00998645168764533
707,-6.799999999999999,0.00998645168764533
708,-4.900000000000002,0.00998645168764533
709,-4.600000000000003,0.00998645168764533
710,-7.8,0.00998645168764533
711,-8.8,0.00998645168764533
712,-7.199999999999999,0.00998645168764533
713,-4.5000000000000036,0.00998645168764533
714,-6.299999999999999,0.00998645168764533
715,-6.399999999999999,0.00998645168764533
716,-3.800000000000006,0.00998645168764533
717,-4.700000000000003,0.00998645168764533
718,-4.000000000000005,0.00998645168764533
719,-8.4,0.00998645168764533
720,-7.699999999999999,0.00998645168764533
721,-7.8,0.00998645168764533
722,-4.600000000000003,0.00998645168764533
1,4.699999999999964,0.6563549768288433
2,-1.7000000000000135,0.43296668905325736
3,-8.700000000000001,0.40565285250151817
4,-7.699999999999999,0.3614809303671764
5,-8.8,0.3403786882983606
6,-5.999999999999998,0.27853872940185365
7,-7.199999999999999,0.24206491716205145
8,-6.099999999999998,0.19908200231898848
9,-3.200000000000008,0.14157986400593744
10,-7.699999999999999,0.1261630989318213
11,-7.8,0.11299003011401039
12,-6.399999999999999,0.0943346041173244
13,-7.1,0.08157186144027828
14,-8.0,0.07379076075438468
15,-7.3999999999999995,0.06477420436570952
16,-6.999999999999999,0.05573070148010834
17,-2.3000000000000114,0.0378853869148274
18,-6.799999999999999,0.03227084302572862
19,-5.799999999999999,0.026144461565619025
20,-5.300000000000001,0.020656869087560238
21,-6.699999999999999,0.0175075817047932
22,-4.700000000000003,0.013422995398979608
23,-2.5000000000000107,0.00998645168764533
24,-3.7000000000000064,0.00998645168764533
25,-7.299999999999999,0.00998645168764533
26,-4.8000000000000025,0.00998645168764533
27,-0.9000000000000163,0.00998645168764533
28,-3.200000000000008,0.00998645168764533
29,-2.3000000000000114,0.00998645168764533
30,-2.3000000000000114,0.00998645168764533
31,-6.999999999999999,0.00998645168764533
32,-3.9000000000000057,0.00998645168764533
33,-6.999999999999999,0.00998645168764533
34,-3.4000000000000075,0.00998645168764533
35,-0.8000000000000167,0.00998645168764533
36,-6.899999999999999,0.00998645168764533
37,17.40000000000012,0.00998645168764533
38,-2.8000000000000096,0.00998645168764533
39,-3.1000000000000085,0.00998645168764533
40,5.8999999999999595,0.00998645168764533
41,-6.599999999999999,0.00998645168764533
42,-2.400000000000011,0.00998645168764533
43,-2.400000000000011,0.00998645168764533
44,-6.499999999999998,0.00998645168764533
45,-5.4,0.00998645168764533
46,-4.400000000000004,0.00998645168764533
47,-5.999999999999998,0.00998645168764533
48,0.699999999999978,0.00998645168764533
49,-4.200000000000005,0.00998645168764533
50,-1.9539925233402755e-14,0.00998645168764533
51,-7.199999999999999,0.00998645168764533
52,-5.200000000000001,0.00998645168764533
53,3.8999999999999666,0.00998645168764533
54,0.39999999999997904,0.00998645168764533
55,2.1999999999999726,0.00998645168764533
56,6.399999999999961,0.00998645168764533
57,-1.000000000000016,0.00998645168764533
58,2.4999999999999716,0.00998645168764533
59,-5.899999999999999,0.00998645168764533
60,-1.4000000000000146,0.00998645168764533
61,-1.9000000000000128,0.00998645168764533
62,-1.7000000000000135,0.00998645168764533
63,0.0999999999999801,0.00998645168764533
64,-4.100000000000005,0.00998645168764533
65,-5.5,0.00998645168764533
66,-0.9000000000000163,0.00998645168764533
67,-4.400000000000004,0.00998645168764533
68,-4.700000000000003,0.00998645168764533
69,1.9999999999999734,0.00998645168764533
70,-5.4,0.00998645168764533
71,-0.10000000000001918,0.00998645168764533
72,-5.6,0.00998645168764533
73,-4.600000000000003,0.00998645168764533
74,-3.500000000000007,0.00998645168764533
75,-4.300000000000004,0.00998645168764533
76,-3.9000000000000057,0.00998645168764533
77,-2.100000000000012,0.00998645168764533
78,-3.000000000000009,0.00998645168764533
79,-5.5,0.00998645168764533
80,-2.0000000000000124,0.00998645168764533
81,-0.6000000000000174,0.00998645168764533
82,2.2999999999999723,0.00998645168764533
83,4.599999999999964,0.00998645168764533
84,-6.899999999999999,0.00998645168764533
85,-1.9539925233402755e-14,0.00998645168764533
86,-6.199999999999998,0.00998645168764533
87,7.799999999999981,0.00998645168764533
88,-2.0000000000000124,0.00998645168764533
89,2.699999999999971,0.00998645168764533
90,-4.100000000000005,0.00998645168764533
91,-5.100000000000001,0.00998645168764533
92,-2.0000000000000124,0.00998645168764533
93,-0.9000000000000163,0.00998645168764533
94,-2.3000000000000114,0.00998645168764533
95,-7.6,0.00998645168764533
96,19.400000000000148,0.00998645168764533
97,-6.799999999999999,0.00998645168764533
98,-0.9000000000000163,0.00998645168764533
99,-4.700000000000003,0.00998645168764533
100,-2.6000000000000103,0.00998645168764533
101,-4.600000000000003,0.00998645168764533
102,-4.300000000000004,0.00998645168764533
103,-5.4,0.00998645168764533
104,-4.300000000000004,0.00998645168764533
105,-4.600000000000003,0.00998645168764533
106,-5.300000000000001,0.00998645168764533
107,-3.1000000000000085,0.00998645168764533
108,-4.900000000000002,0.00998645168764533
109,-1.9000000000000128,0.00998645168764533
110,-2.2000000000000117,0.00998645168764533
111,-3.000000000000009,0.00998645168764533
112,-2.70000000000001,0.00998645168764533
113,0.39999999999997904,0.00998645168764533
114,6.099999999999959,0.00998645168764533
115,-0.4000000000000181,0.00998645168764533
116,2.7999999999999705,0.00998645168764533
117,-4.600000000000003,0.00998645168764533
118,-1.9000000000000128,0.00998645168764533
119,-5.799999999999999,0.00998645168764533
120,-5.6,0.00998645168764533
121,7.099999999999971,0.00998645168764533
122,2.89999999999997,0.00998645168764533
123,-1.4000000000000146,0.00998645168764533
124,-5.899999999999999,0.00998645168764533
125,-7.1,0.00998645168764533
126,-4.600000000000003,0.00998645168764533
127,-5.899999999999999,0.00998645168764533
128,-5.799999999999999,0.00998645168764533
129,-5.200000000000001,0.00998645168764533
130,-4.900000000000002,0.00998645168764533
131,-7.199999999999999,0.00998645168764533
132,-4.400000000000004,0.00998645168764533
133,-7.1,0.00998645168764533
134,-6.299999999999999,0.00998645168764533
135,-6.599999999999999,0.00998645168764533
136,-4.200000000000005,0.00998645168764533
137,-4.000000000000005,0.00998645168764533
138,-5.999999999999998,0.00998645168764533
139,-3.500000000000007,0.00998645168764533
140,-5.100000000000001,0.00998645168764533
141,-2.0000000000000124,0.00998645168764533
142,-2.400000000000011,0.00998645168764533
143,-6.199999999999998,0.00998645168764533
144,6.99999999999997,0.00998645168764533
145,0.5999999999999783,0.00998645168764533
146,3.6999999999999673,0.00998645168764533
147,-4.900000000000002,0.00998645168764533
148,-3.1000000000000085,0.00998645168764533
149,-7.199999999999999,0.00998645168764533
150,-6.499999999999998,0.00998645168764533
151,3.799999999999967,0.00998645168764533
152,2.2999999999999723,0.00998645168764533
153,-4.5000000000000036,0.00998645168764533
154,2.89999999999997,0.00998645168764533
155,12.500000000000048,0.00998645168764533
156,16.500000000000107,0.00998645168764533
157,10.800000000000024,0.00998645168764533
158,-1.4000000000000146,0.00998645168764533
159,2.99999999999997,0.00998645168764533
160,0.7999999999999776,0.00998645168764533
161,-1.300000000000015,0.00998645168764533
162,-7.5,0.00998645168764533
163,23.90000000000021,0.00998645168764533
164,-2.8000000000000096,0.00998645168764533
165,-5.300000000000001,0.00998645168764533
166,-4.5000000000000036,0.00998645168764533
167,-7.1,0.00998645168764533
168,-1.4000000000000146,0.00998645168764533
169,-0.6000000000000174,0.00998645168764533
170,-1.9000000000000128,0.00998645168764533
171,-1.9000000000000128,0.00998645168764533
172,-6.499999999999998,0.00998645168764533
173,-2.9000000000000092,0.00998645168764533
174,10.400000000000018,0.00998645168764533
175,-6.899999999999999,0.00998645168764533
176,-4.000000000000005,0.00998645168764533
177,-8.0,0.00998645168764533
178,-2.400000000000011,0.00998645168764533
179,5.299999999999962,0.00998645168764533
180,11.600000000000035,0.00998645168764533
181,-7.6,0.00998645168764533
182,-2.9000000000000092,0.00998645168764533
183,-5.300000000000001,0.00998645168764533
184,-0.3000000000000185,0.00998645168764533
185,18.700000000000138,0.00998645168764533
186,-2.400000000000011,0.00998645168764533
187,-7.699999999999999,0.00998645168764533
188,-2.70000000000001,0.00998645168764533
189,-5.999999999999998,0.00998645168764533
190,-7.199999999999999,0.00998645168764533
191,-5.6,0.00998645168764533
192,-7.299999999999999,0.00998645168764533
193,-7.1,0.00998645168764533
194,-0.4000000000000181,0.00998645168764533
195,-2.8000000000000096,0.00998645168764533
196,-3.000000000000009,0.00998645168764533
197,-4.900000000000002,0.00998645168764533
198,15.100000000000085,0.00998645168764533
199,-5.699999999999999,0.00998645168764533
200,-8.6,0.00998645168764533
201,3.799999999999967,0.00998645168764533
202,-2.400000000000011,0.00998645168764533
203,-8.700000000000001,0.00998645168764533
204,-3.200000000000008,0.00998645168764533
205,-6.199999999999998,0.00998645168764533
206,2.399999999999972,0.00998645168764533
207,-9.6,0.00998645168764533
208,-4.600000000000003,0.00998645168764533
209,0.19999999999997975,0.00998645168764533
210,6.6999999999999655,0.00998645168764533
211,0.0999999999999801,0.00998645168764533
212,-1.4000000000000146,0.00998645168764533
213,-6.999999999999999,0.00998645168764533
214,16.200000000000102,0.00998645168764533
215,-1.4000000000000146,0.00998645168764533
216,2.1999999999999726,0.00998645168764533
217,-6.499999999999998,0.00998645168764533
218,14.10000000000007,0.00998645168764533
219,-2.8000000000000096,0.00998645168764533
220,5.299999999999962,0.00998645168764533
221,-8.4,0.00998645168764533
222,-4.100000000000005,0.00998645168764533
223,5.399999999999961,0.00998645168764533
224,11.800000000000038,0.00998645168764533
225,0.0999999999999801,0.00998645168764533
226,3.499999999999968,0.00998645168764533
227,-6.399999999999999,0.00998645168764533
228,-2.0000000000000124,0.00998645168764533
229,-6.999999999999999,0.00998645168764533
230,-5.100000000000001,0.00998645168764533
231,-4.200000000000005,0.00998645168764533
232,0.0999999999999801,0.00998645168764533
233,0.7999999999999776,0.00998645168764533
234,-6.599999999999999,0.00998645168764533
235,-6.599999999999999,0.00998645168764533
236,-4.400000000000004,0.00998645168764533
237,-6.799999999999999,0.00998645168764533
238,-6.399999999999999,0.00998645168764533
239,-7.5,0.00998645168764533
240,3.199999999999969,0.00998645168764533
241,-6.999999999999999,0.00998645168764533
242,-3.7000000000000064,0.00998645168764533
243,-0.10000000000001918,0.00998645168764533
244,13.200000000000058,0.00998645168764533
245,-8.4,0.00998645168764533
246,4.4999999999999645,0.00998645168764533
247,2.1999999999999726,0.00998645168764533
248,-8.4,0.00998645168764533
249,-6.299999999999999,0.00998645168764533
250,6.199999999999958,0.00998645168764533
251,-2.0000000000000124,0.00998645168764533
252,15.900000000000096,0.00998645168764533
253,-4.900000000000002,0.00998645168764533
254,9.200000000000001,0.00998645168764533
255,-6.899999999999999,0.00998645168764533
256,-6.699999999999999,0.00998645168764533
257,-6.299999999999999,0.00998645168764533
258,-6.399999999999999,0.00998645168764533
259,-0.5000000000000178,0.00998645168764533
260,-7.6,0.00998645168764533
261,-6.199999999999998,0.00998645168764533
262,-1.300000000000015,0.00998645168764533
263,-0.10000000000001918,0.00998645168764533
264,-3.300000000000008,0.00998645168764533
265,-5.799999999999999,0.00998645168764533
266,-1.7000000000000135,0.00998645168764533
267,-7.9,0.00998645168764533
268,-4.900000000000002,0.00998645168764533
269,-7.199999999999999,0.00998645168764533
270,-5.899999999999999,0.00998645168764533
271,-5.100000000000001,0.00998645168764533
272,-6.599999999999999,0.00998645168764533
273,-6.599999999999999,0.00998645168764533
274,0.2999999999999794,0.00998645168764533
275,8.199999999999987,0.00998645168764533
276,-4.200000000000005,0.00998645168764533
277,8.499999999999991,0.00998645168764533
278,-4.100000000000005,0.00998645168764533
279,-6.999999999999999,0.00998645168764533
280,5.299999999999962,0.00998645168764533
281,-1.9539925233402755e-14,0.00998645168764533
282,-8.6,0.00998645168764533
283,-7.299999999999999,0.00998645168764533
284,-6.899999999999999,0.00998645168764533
285,-4.000000000000005,0.00998645168764533
286,-6.499999999999998,0.00998645168764533
287,-8.2,0.00998645168764533
288,-8.4,0.00998645168764533
289,2.1999999999999726,0.00998645168764533
290,-7.699999999999999,0.00998645168764533
291,-2.6000000000000103,0.00998645168764533
292,-3.1000000000000085,0.00998645168764533
293,-6.999999999999999,0.00998645168764533
294,-7.3999999999999995,0.00998645168764533
295,-1.8000000000000131,0.00998645168764533
296,-4.8000000000000025,0.00998645168764533
297,0.39999999999997904,0.00998645168764533
298,-4.600000000000003,0.00998645168764533
299,-6.599999999999999,0.00998645168764533
300,-7.299999999999999,0.00998645168764533
301,-3.800000000000006,0.00998645168764533
302,-4.700000000000003,0.00998645168764533
303,-8.4,0.00998645168764533
304,-3.7000000000000064,0.00998645168764533
305,-7.299999999999999,0.00998645168764533
306,-4.8000000000000025,0.00998645168764533
307,-7.199999999999999,0.00998645168764533
308,-6.399999999999999,0.00998645168764533
309,-1.4000000000000146,0.00998645168764533
310,-6.699999999999999,0.00998645168764533
311,-3.9000000000000057,0.00998645168764533
312,5.999999999999959,0.00998645168764533
313,-2.400000000000011,0.00998645168764533
314,3.8999999999999666,0.00998645168764533
315,-6.799999999999999,0.00998645168764533
316,-5.899999999999999,0.00998645168764533
317,-6.899999999999999,0.00998645168764533
318,-5.899999999999999,0.00998645168764533
319,-6.899999999999999,0.00998645168764533
320,-2.5000000000000107,0.00998645168764533
321,-2.2000000000000117,0.00998645168764533
322,-6.899999999999999,0.00998645168764533
323,-6.799999999999999,0.00998645168764533
324,-3.9000000000000057,0.00998645168764533
325,-4.600000000000003,0.00998645168764533
326,-4.400000000000004,0.00998645168764533
327,-5.200000000000001,0.00998645168764533
328,-4.5000000000000036,0.00998645168764533
329,-4.700000000000003,0.00998645168764533
330,-5.4,0.00998645168764533
331,1.6999999999999744,0.00998645168764533
332,-7.5,0.00998645168764533
333,-6.299999999999999,0.00998645168764533
334,-7.8,0.00998645168764533
335,-4.200000000000005,0.00998645168764533
336,-2.6000000000000103,0.00998645168764533
337,-4.600000000000003,0.00998645168764533
338,-6.299999999999999,0.00998645168764533
339,10.000000000000012,0.00998645168764533
340,-6.599999999999999,0.00998645168764533
341,-1.2000000000000153,0.00998645168764533
342,-6.599999999999999,0.00998645168764533
343,-7.299999999999999,0.00998645168764533
344,-6.299999999999999,0.00998645168764533
345,-6.799999999999999,0.00998645168764533
346,-4.8000000000000025,0.00998645168764533
347,-6.499999999999998,0.00998645168764533
348,-7.9,0.00998645168764533
349,-6.999999999999999,0.00998645168764533
350,-4.700000000000003,0.00998645168764533
351,-1.1000000000000156,0.00998645168764533
352,-3.800000000000006,0.00998645168764533
353,-8.8,0.00998645168764533
354,-6.299999999999999,0.00998645168764533
355,-6.099999999999998,0.00998645168764533
356,-8.700000000000001,0.00998645168764533
357,-3.300000000000008,0.00998645168764533
358,-6.199999999999998,0.00998645168764533
359,-7.5,0.00998645168764533
360,-7.8,0.00998645168764533
361,-1.4000000000000146,0.00998645168764533
362,-0.5000000000000178,0.00998645168764533
363,-4.700000000000003,0.00998645168764533
364,-6.799999999999999,0.00998645168764533
365,-3.9000000000000057,0.00998645168764533
366,-5.4,0.00998645168764533
367,-6.699999999999999,0.00998645168764533
368,-8.6,0.00998645168764533
369,-5.200000000000001,0.00998645168764533
370,-5.6,0.00998645168764533
371,-0.700000000000017,0.00998645168764533
372,-5.5,0.00998645168764533
373,-7.9,0.00998645168764533
374,-3.4000000000000075,0.00998645168764533
375,4.4999999999999645,0.00998645168764533
376,-5.300000000000001,0.00998645168764533
377,-6.199999999999998,0.00998645168764533
378,-6.899999999999999,0.00998645168764533
379,-6.099999999999998,0.00998645168764533
380,-4.300000000000004,0.00998645168764533
381,-8.2,0.00998645168764533
382,-5.899999999999999,0.00998645168764533
383,-1.7000000000000135,0.00998645168764533
384,-7.299999999999999,0.00998645168764533
385,-7.299999999999999,0.00998645168764533
386,-3.800000000000006,0.00998645168764533
387,-6.299999999999999,0.00998645168764533
388,-4.8000000000000025,0.00998645168764533
389,-6.699999999999999,0.00998645168764533
390,-3.500000000000007,0.00998645168764533
391,-7.299999999999999,0.00998645168764533
392,-7.5,0.00998645168764533
393,-7.5,0.00998645168764533
394,-2.2000000000000117,0.00998645168764533
395,-3.1000000000000085,0.00998645168764533
396,-7.699999999999999,0.00998645168764533
397,-5.999999999999998,0.00998645168764533
398,-7.8,0.00998645168764533
399,-4.700000000000003,0.00998645168764533
400,-7.9,0.00998645168764533
401,-4.400000000000004,0.00998645168764533
402,-8.1,0.00998645168764533
403,-4.5000000000000036,0.00998645168764533
404,-7.6,0.00998645168764533
405,-3.200000000000008,0.00998645168764533
406,-4.5000000000000036,0.00998645168764533
407,-5.4,0.00998645168764533
408,-4.400000000000004,0.00998645168764533
409,-3.6000000000000068,0.00998645168764533
410,-7.5,0.00998645168764533
411,3.3999999999999684,0.00998645168764533
412,-6.799999999999999,0.00998645168764533
413,-8.5,0.00998645168764533
414,-8.4,0.00998645168764533
415,-1.300000000000015,0.00998645168764533
416,-6.499999999999998,0.00998645168764533
417,-3.200000000000008,0.00998645168764533
418,-4.400000000000004,0.00998645168764533
419,-2.9000000000000092,0.00998645168764533
420,-7.699999999999999,0.00998645168764533
421,-6.599999999999999,0.00998645168764533
422,-4.100000000000005,0.00998645168764533
423,-7.6,0.00998645168764533
424,-7.199999999999999,0.00998645168764533
425,-6.899999999999999,0.00998645168764533
426,-8.6,0.00998645168764533
427,-6.999999999999999,0.00998645168764533
428,-6.599999999999999,0.00998645168764533
429,-6.899999999999999,0.00998645168764533
430,-8.0,0.00998645168764533
431,-7.699999999999999,0.00998645168764533
432,-7.8,0.00998645168764533
433,-6.699999999999999,0.00998645168764533
434,-7.299999999999999,0.00998645168764533
435,-8.1,0.00998645168764533
436,-6.499999999999998,0.00998645168764533
437,0.2999999999999794,0.00998645168764533
438,-5.200000000000001,0.00998645168764533
439,-2.6000000000000103,0.00998645168764533
440,1.2999999999999758,0.00998645168764533
441,-7.8,0.00998645168764533
442,-6.699999999999999,0.00998645168764533
443,-7.1,0.00998645168764533
444,-6.499999999999998,0.00998645168764533
445,-5.699999999999999,0.00998645168764533
446,-6.899999999999999,0.00998645168764533
447,-1.1000000000000156,0.00998645168764533
448,-5.899999999999999,0.00998645168764533
449,-6.299999999999999,0.00998645168764533
450,-1.000000000000016,0.00998645168764533
451,-2.8000000000000096,0.00998645168764533
452,-5.5,0.00998645168764533
453,-6.999999999999999,0.00998645168764533
454,-6.399999999999999,0.00998645168764533
455,-3.300000000000008,0.00998645168764533
456,-6.399999999999999,0.00998645168764533
457,-5.4,0.00998645168764533
458,-4.100000000000005,0.00998645168764533
459,-5.999999999999998,0.00998645168764533
460,-6.099999999999998,0.00998645168764533
461,-5.4,0.00998645168764533
462,-4.200000000000005,0.00998645168764533
463,-2.400000000000011,0.00998645168764533
464,-4.5000000000000036,0.00998645168764533
465,-7.1,0.00998645168764533
466,-2.100000000000012,0.00998645168764533
467,-2.400000000000011,0.00998645168764533
468,-6.399999999999999,0.00998645168764533
469,-7.199999999999999,0.00998645168764533
470,-4.300000000000004,0.00998645168764533
471,-4.5000000000000036,0.00998645168764533
472,-7.6,0.00998645168764533
473,-6.199999999999998,0.00998645168764533
474,2.4999999999999716,0.00998645168764533
475,-3.1000000000000085,0.00998645168764533
476,-3.500000000000007,0.00998645168764533
477,-7.199999999999999,0.00998645168764533
478,-6.999999999999999,0.00998645168764533
479,-3.1000000000000085,0.00998645168764533
480,-6.399999999999999,0.00998645168764533
481,-6.999999999999999,0.00998645168764533
482,-5.4,0.00998645168764533
483,-5.6,0.00998645168764533
484,-6.499999999999998,0.00998645168764533
485,-8.0,0.00998645168764533
486,-1.300000000000015,0.00998645168764533
487,-3.6000000000000068,0.00998645168764533
488,-3.9000000000000057,0.00998645168764533
489,0.5999999999999783,0.00998645168764533
490,1.3999999999999755,0.00998645168764533
491,3.199999999999969,0.00998645168764533
492,-5.699999999999999,0.00998645168764533
493,-5.4,0.00998645168764533
494,-0.6000000000000174,0.00998645168764533
495,-5.999999999999998,0.00998645168764533
496,5.099999999999962,0.00998645168764533
497,-6.199999999999998,0.00998645168764533
498,-5.4,0.00998645168764533
499,-5.4,0.00998645168764533
500,-0.6000000000000174,0.00998645168764533
501,-7.9,0.00998645168764533
502,-7.199999999999999,0.00998645168764533
503,-5.6,0.00998645168764533
504,-4.900000000000002,0.00998645168764533
505,-7.9,0.00998645168764533
506,-8.9,0.00998645168764533
507,-3.6000000000000068,0.00998645168764533
508,-6.899999999999999,0.00998645168764533
509,-1.4000000000000146,0.00998645168764533
510,-8.2,0.00998645168764533
511,-5.4,0.00998645168764533
512,-3.800000000000006,0.00998645168764533
513,1.5999999999999748,0.00998645168764533
514,-5.300000000000001,0.00998645168764533
515,-8.8,0.00998645168764533
516,-0.4000000000000181,0.00998645168764533
517,8.799999999999995,0.00998645168764533
518,-8.3,0.00998645168764533
519,-5.799999999999999,0.00998645168764533
520,-7.299999999999999,0.00998645168764533
521,-8.4,0.00998645168764533
522,-8.4,0.00998645168764533
523,2.2999999999999723,0.00998645168764533
524,-6.199999999999998,0.00998645168764533
525,-8.3,0.00998645168764533
526,-7.199999999999999,0.00998645168764533
527,-5.799999999999999,0.00998645168764533
528,-5.200000000000001,0.00998645168764533
529,-3.6000000000000068,0.00998645168764533
530,2.1999999999999726,0.00998645168764533
531,-5.999999999999998,0.00998645168764533
532,-6.099999999999998,0.00998645168764533
533,-4.300000000000004,0.00998645168764533
534,-5.899999999999999,0.00998645168764533
535,-4.900000000000002,0.00998645168764533
536,-5.799999999999999,0.00998645168764533
537,-6.499999999999998,0.00998645168764533
538,-4.300000000000004,0.00998645168764533
539,-8.8,0.00998645168764533
540,-6.699999999999999,0.00998645168764533
541,-4.300000000000004,0.00998645168764533
542,-5.300000000000001,0.00998645168764533
543,-8.8,0.00998645168764533
544,-7.6,0.00998645168764533
545,-4.200000000000005,0.00998645168764533
546,-5.200000000000001,0.00998645168764533
547,-2.8000000000000096,0.00998645168764533
548,-7.1,0.00998645168764533
549,-3.500000000000007,0.00998645168764533
550,0.4999999999999787,0.00998645168764533
551,-8.1,0.00998645168764533
552,-4.8000000000000025,0.00998645168764533
553,-4.700000000000003,0.00998645168764533
554,-5.4,0.00998645168764533
555,-7.6,0.00998645168764533
556,-4.700000000000003,0.00998645168764533
557,-8.0,0.00998645168764533
558,-3.800000000000006,0.00998645168764533
559,-8.0,0.00998645168764533
560,-6.799999999999999,0.00998645168764533
561,-4.5000000000000036,0.00998645168764533
562,2.89999999999997,0.00998645168764533
563,-2.400000000000011,0.00998645168764533
564,-8.4,0.00998645168764533
565,2.099999999999973,0.00998645168764533
566,0.9999999999999769,0.00998645168764533
567,-6.099999999999998,0.00998645168764533
568,-8.700000000000001,0.00998645168764533
569,-4.100000000000005,0.00998645168764533
570,-5.200000000000001,0.00998645168764533
571,-0.6000000000000174,0.00998645168764533
572,-7.199999999999999,0.00998645168764533
573,-3.300000000000008,0.00998645168764533
574,-5.5,0.00998645168764533
575,-7.9,0.00998645168764533
576,-4.600000000000003,0.00998645168764533
577,-6.199999999999998,0.00998645168764533
578,-4.900000000000002,0.00998645168764533
579,-6.899999999999999,0.00998645168764533
580,-8.9,0.00998645168764533
581,-2.70000000000001,0.00998645168764533
582,-7.3999999999999995,0.00998645168764533
583,-6.599999999999999,0.00998645168764533
584,-6.099999999999998,0.00998645168764533
585,-6.199999999999998,0.00998645168764533
586,-1.2000000000000153,0.00998645168764533
587,-6.399999999999999,0.00998645168764533
588,-1.1000000000000156,0.00998645168764533
589,-5.999999999999998,0.00998645168764533
590,-8.700000000000001,0.00998645168764533
591,-5.699999999999999,0.00998645168764533
592,-7.699999999999999,0.00998645168764533
593,-8.0,0.00998645168764533
594,-6.099999999999998,0.00998645168764533
595,-6.699999999999999,0.00998645168764533
596,-7.9,0.00998645168764533
597,-6.099999999999998,0.00998645168764533
598,-6.599999999999999,0.00998645168764533
599,-8.0,0.00998645168764533
600,-3.000000000000009,0.00998645168764533
601,-7.3999999999999995,0.00998645168764533
602,-7.5,0.00998645168764533
603,-7.9,0.00998645168764533
604,-4.600000000000003,0.00998645168764533
605,-7.3999999999999995,0.00998645168764533
606,-7.3999999999999995,0.00998645168764533
607,-3.6000000000000068,0.00998645168764533
608,-6.599999999999999,0.00998645168764533
609,-4.900000000000002,0.00998645168764533
610,1.9999999999999734,0.00998645168764533
611,-4.8000000000000025,0.00998645168764533
612,-7.299999999999999,0.00998645168764533
613,-5.6,0.00998645168764533
614,-6.699999999999999,0.00998645168764533
615,-3.7000000000000064,0.00998645168764533
616,-5.000000000000002,0.00998645168764533
617,-7.6,0.00998645168764533
618,-6.299999999999999,0.00998645168764533
619,-7.1,0.00998645168764533
620,-7.3999999999999995,0.00998645168764533
621,-7.6,0.00998645168764533
622,-6.999999999999999,0.00998645168764533
623,-5.899999999999999,0.00998645168764533
624,-7.299999999999999,0.00998645168764533
625,-2.0000000000000124,0.00998645168764533
626,-7.3999999999999995,0.00998645168764533
627,-7.699999999999999,0.00998645168764533
628,-8.8,0.00998645168764533
629,-7.3999999999999995,0.00998645168764533
630,-5.999999999999998,0.00998645168764533
631,-7.8,0.00998645168764533
632,-7.1,0.00998645168764533
633,-8.3,0.00998645168764533
634,-7.6,0.00998645168764533
635,-7.6,0.00998645168764533
636,-8.4,0.00998645168764533
637,-3.9000000000000057,0.00998645168764533
638,-7.699999999999999,0.00998645168764533
639,-6.399999999999999,0.00998645168764533
640,-5.4,0.00998645168764533
641,-5.999999999999998,0.00998645168764533
642,-5.799999999999999,0.00998645168764533
643,-6.499999999999998,0.00998645168764533
644,-7.199999999999999,0.00998645168764533
645,-3.000000000000009,0.00998645168764533
646,-4.700000000000003,0.00998645168764533
647,-7.299999999999999,0.00998645168764533
648,-6.399999999999999,0.00998645168764533
649,-3.300000000000008,0.00998645168764533
650,-3.300000000000008,0.00998645168764533
651,-7.3999999999999995,0.00998645168764533
652,-5.699999999999999,0.00998645168764533
653,0.4999999999999787,0.00998645168764533
654,-5.999999999999998,0.00998645168764533
655,-5.999999999999998,0.00998645168764533
656,-4.400000000000004,0.00998645168764533
657,-7.699999999999999,0.00998645168764533
658,-3.1000000000000085,0.00998645168764533
659,-7.5,0.00998645168764533
660,-6.099999999999998,0.00998645168764533
661,-5.5,0.00998645168764533
662,-5.100000000000001,0.00998645168764533
663,-6.399999999999999,0.00998645168764533
664,-1.1000000000000156,0.00998645168764533
665,-4.5000000000000036,0.00998645168764533
666,-7.8,0.00998645168764533
667,-7.199999999999999,0.00998645168764533
668,-3.300000000000008,0.00998645168764533
669,-5.300000000000001,0.00998645168764533
670,-1.000000000000016,0.00998645168764533
671,-6.499999999999998,0.00998645168764533
672,-4.900000000000002,0.00998645168764533
673,-5.699999999999999,0.00998645168764533
674,-1.9000000000000128,0.00998645168764533
675,-7.699999999999999,0.00998645168764533
676,-7.5,0.00998645168764533
677,-5.000000000000002,0.00998645168764533
678,-5.4,0.00998645168764533
679,-6.499999999999998,0.00998645168764533
680,-7.5,0.00998645168764533
681,-7.1,0.00998645168764533
682,-8.700000000000001,0.00998645168764533
683,-5.5,0.00998645168764533
684,-1.6000000000000139,0.00998645168764533
685,-4.5000000000000036,0.00998645168764533
686,-6.499999999999998,0.00998645168764533
687,-4.8000000000000025,0.00998645168764533
688,-3.4000000000000075,0.00998645168764533
689,-6.999999999999999,0.00998645168764533
690,-4.200000000000005,0.00998645168764533
691,-6.499999999999998,0.00998645168764533
692,0.8999999999999773,0.00998645168764533
693,-8.0,0.00998645168764533
694,-7.3999999999999995,0.00998645168764533
695,-4.900000000000002,0.00998645168764533
696,-5.5,0.00998645168764533
697,-4.900000000000002,0.00998645168764533
698,-4.400000000000004,0.00998645168764533
699,-1.5000000000000142,0.00998645168764533
700,-8.1,0.00998645168764533
701,-6.899999999999999,0.00998645168764533
702,-4.900000000000002,0.00998645168764533
703,-7.199999999999999,0.00998645168764533
704,-6.099999999999998,0.00998645168764533
705,-8.9,0.00998645168764533
706,-5.999999999999998,0.00998645168764533
707,-2.5000000000000107,0.00998645168764533
708,-5.999999999999998,0.00998645168764533
709,-4.700000000000003,0.00998645168764533
710,-7.199999999999999,0.00998645168764533
711,-7.5,0.00998645168764533
712,-5.999999999999998,0.00998645168764533
713,-4.000000000000005,0.00998645168764533
714,-4.900000000000002,0.00998645168764533
715,-3.9000000000000057,0.00998645168764533
716,-4.000000000000005,0.00998645168764533
717,-0.20000000000001883,0.00998645168764533
718,-5.6,0.00998645168764533
719,-8.4,0.00998645168764533
720,-6.999999999999999,0.00998645168764533
721,-2.6000000000000103,0.00998645168764533
722,2.399999999999972,0.00998645168764533
723,-6.499999999999998,0.00998645168764533
724,2.99999999999997,0.00998645168764533
725,-1.6000000000000139,0.00998645168764533
726,-3.500000000000007,0.00998645168764533
727,-7.3999999999999995,0.00998645168764533
728,-4.400000000000004,0.00998645168764533
729,-6.699999999999999,0.00998645168764533
730,-5.799999999999999,0.00998645168764533
731,-5.899999999999999,0.00998645168764533
732,-3.300000000000008,0.00998645168764533
733,-0.8000000000000167,0.00998645168764533
734,-4.200000000000005,0.00998645168764533
735,-8.0,0.00998645168764533
736,-6.799999999999999,0.00998645168764533
737,-4.900000000000002,0.00998645168764533
738,-7.6,0.00998645168764533
739,-8.6,0.00998645168764533
740,-8.2,0.00998645168764533
741,-4.300000000000004,0.00998645168764533
742,-6.999999999999999,0.00998645168764533
743,-5.300000000000001,0.00998645168764533
744,-5.300000000000001,0.00998645168764533
745,-6.599999999999999,0.00998645168764533
746,-4.5000000000000036,0.00998645168764533
747,-4.400000000000004,0.00998645168764533
748,-5.899999999999999,0.00998645168764533
749,-4.5000000000000036,0.00998645168764533
750,-5.4,0.00998645168764533
751,-7.3999999999999995,0.00998645168764533
752,-2.3000000000000114,0.00998645168764533
753,-5.799999999999999,0.00998645168764533
754,-8.1,0.00998645168764533
755,-5.899999999999999,0.00998645168764533
756,-7.3999999999999995,0.00998645168764533
757,-5.5,0.00998645168764533
758,-2.400000000000011,0.00998645168764533
759,-6.799999999999999,0.00998645168764533
760,-5.699999999999999,0.00998645168764533
761,-6.399999999999999,0.00998645168764533
762,-6.999999999999999,0.00998645168764533
763,-6.899999999999999,0.00998645168764533
764,-6.599999999999999,0.00998645168764533
765,-7.6,0.00998645168764533
766,-6.899999999999999,0.00998645168764533
767,-4.600000000000003,0.00998645168764533
768,-6.999999999999999,0.00998645168764533
769,-6.299999999999999,0.00998645168764533
770,-4.900000000000002,0.00998645168764533
771,-7.6,0.00998645168764533
772,-5.200000000000001,0.00998645168764533
773,-6.799999999999999,0.00998645168764533
774,-6.199999999999998,0.00998645168764533
775,-6.799999999999999,0.00998645168764533
776,-3.9000000000000057,0.00998645168764533
777,3.0999999999999694,0.00998645168764533
778,-2.6000000000000103,0.00998645168764533
779,-6.599999999999999,0.00998645168764533
780,-7.699999999999999,0.00998645168764533
781,-7.8,0.00998645168764533
782,-6.999999999999999,0.00998645168764533
783,-6.599999999999999,0.00998645168764533
784,-4.400000000000004,0.00998645168764533
785,-2.2000000000000117,0.00998645168764533
786,-4.900000000000002,0.00998645168764533
787,-3.7000000000000064,0.00998645168764533
788,2.89999999999997,0.00998645168764533
789,-6.999999999999999,0.00998645168764533
790,-6.199999999999998,0.00998645168764533
791,-6.199999999999998,0.00998645168764533
792,-6.999999999999999,0.00998645168764533
793,-3.000000000000009,0.00998645168764533
794,-7.1,0.00998645168764533
795,-9.6,0.00998645168764533
796,-6.699999999999999,0.00998645168764533
797,-5.899999999999999,0.00998645168764533
798,7.099999999999971,0.00998645168764533
799,0.699999999999978,0.00998645168764533
800,-6.599999999999999,0.00998645168764533
801,-5.300000000000001,0.00998645168764533
802,7.599999999999978,0.00998645168764533
803,-5.200000000000001,0.00998645168764533
804,6.599999999999964,0.00998645168764533
805,-4.000000000000005,0.00998645168764533
806,-6.199999999999998,0.00998645168764533
807,-6.899999999999999,0.00998645168764533
808,-5.100000000000001,0.00998645168764533
809,-4.300000000000004,0.00998645168764533
810,-8.5,0.00998645168764533
811,-7.6,0.00998645168764533
812,0.8999999999999773,0.00998645168764533
813,-5.4,0.00998645168764533
814,-8.6,0.00998645168764533
815,1.4999999999999751,0.00998645168764533
816,-4.8000000000000025,0.00998645168764533
817,-9.0,0.00998645168764533
818,-9.0,0.00998645168764533
819,-6.499999999999998,0.00998645168764533
820,-1.7000000000000135,0.00998645168764533
821,-0.9000000000000163,0.00998645168764533
822,0.8999999999999773,0.00998645168764533
823,-5.999999999999998,0.00998645168764533
824,-0.6000000000000174,0.00998645168764533
825,-7.3999999999999995,0.00998645168764533
826,-6.299999999999999,0.00998645168764533
827,-4.000000000000005,0.00998645168764533
828,-7.699999999999999,0.00998645168764533
829,-4.900000000000002,0.00998645168764533
830,5.099999999999962,0.00998645168764533
831,-9.0,0.00998645168764533
832,-7.299999999999999,0.00998645168764533
833,-8.8,0.00998645168764533
834,-6.899999999999999,0.00998645168764533
835,-7.6,0.00998645168764533
836,-7.8,0.00998645168764533
837,-7.3999999999999995,0.00998645168764533
838,-6.699999999999999,0.00998645168764533
839,-0.6000000000000174,0.00998645168764533
840,-3.4000000000000075,0.00998645168764533
841,-6.799999999999999,0.00998645168764533
842,-5.200000000000001,0.00998645168764533
843,-9.0,0.00998645168764533
844,-4.900000000000002,0.00998645168764533
845,-5.899999999999999,0.00998645168764533
846,-9.0,0.00998645168764533
847,-6.499999999999998,0.00998645168764533
848,-8.8,0.00998645168764533
849,-9.0,0.00998645168764533
850,-7.199999999999999,0.00998645168764533
851,-7.8,0.00998645168764533
852,-5.6,0.00998645168764533
853,-7.8,0.00998645168764533
854,-0.10000000000001918,0.00998645168764533
855,-6.399999999999999,0.00998645168764533
856,-7.699999999999999,0.00998645168764533
857,-3.9000000000000057,0.00998645168764533
858,-7.8,0.00998645168764533
859,-7.5,0.00998645168764533
860,-4.000000000000005,0.00998645168764533
861,-7.6,0.00998645168764533
862,0.8999999999999773,0.00998645168764533
863,-4.400000000000004,0.00998645168764533
864,-4.100000000000005,0.00998645168764533
865,-7.1,0.00998645168764533
866,-7.9,0.00998645168764533
867,-6.799999999999999,0.00998645168764533
868,-6.899999999999999,0.00998645168764533
869,-5.000000000000002,0.00998645168764533
870,-5.899999999999999,0.00998645168764533
871,0.9999999999999769,0.00998645168764533
872,-6.499999999999998,0.00998645168764533
873,-8.3,0.00998645168764533
874,-8.2,0.00998645168764533
875,-5.999999999999998,0.00998645168764533
876,-8.6,0.00998645168764533
877,-5.699999999999999,0.00998645168764533
878,-6.399999999999999,0.00998645168764533
879,-5.799999999999999,0.00998645168764533
880,-7.199999999999999,0.00998645168764533
881,-3.4000000000000075,0.00998645168764533
882,6.499999999999963,0.00998645168764533
883,-5.200000000000001,0.00998645168764533
884,-6.099999999999998,0.00998645168764533
885,-8.0,0.00998645168764533
886,-3.6000000000000068,0.00998645168764533
887,-8.5,0.00998645168764533
888,-7.6,0.00998645168764533
889,-2.400000000000011,0.00998645168764533
890,1.9999999999999734,0.00998645168764533
891,-4.100000000000005,0.00998645168764533
892,-8.8,0.00998645168764533
893,-5.300000000000001,0.00998645168764533
894,-4.400000000000004,0.00998645168764533
895,-8.8,0.00998645168764533
896,-3.6000000000000068,0.00998645168764533
897,-8.1,0.00998645168764533
898,-6.399999999999999,0.00998645168764533
899,-5.999999999999998,0.00998645168764533
900,-5.200000000000001,0.00998645168764533
901,-8.4,0.00998645168764533
902,-8.2,0.00998645168764533
903,-1.000000000000016,0.00998645168764533
904,-3.000000000000009,0.00998645168764533
905,-5.300000000000001,0.00998645168764533
906,-5.000000000000002,0.00998645168764533
907,-6.199999999999998,0.00998645168764533
908,-7.199999999999999,0.00998645168764533
909,-3.4000000000000075,0.00998645168764533
910,-8.9,0.00998645168764533
911,-6.999999999999999,0.00998645168764533
912,-8.9,0.00998645168764533
913,-6.499999999999998,0.00998645168764533
914,-7.1,0.00998645168764533
915,-3.6000000000000068,0.00998645168764533
916,-3.300000000000008,0.00998645168764533
917,-8.8,0.00998645168764533
918,-5.100000000000001,0.00998645168764533
919,-2.9000000000000092,0.00998645168764533
920,-7.8,0.00998645168764533
921,-5.4,0.00998645168764533
922,-3.6000000000000068,0.00998645168764533
923,-7.8,0.00998645168764533
924,-7.199999999999999,0.00998645168764533
925,-5.999999999999998,0.00998645168764533
926,-5.200000000000001,0.00998645168764533
927,-7.1,0.00998645168764533
928,-6.999999999999999,0.00998645168764533
929,-3.1000000000000085,0.00998645168764533
930,-8.0,0.00998645168764533
931,-8.0,0.00998645168764533
932,-7.199999999999999,0.00998645168764533
933,-3.300000000000008,0.00998645168764533
934,-3.9000000000000057,0.00998645168764533
935,-3.6000000000000068,0.00998645168764533
936,-8.9,0.00998645168764533
937,-5.100000000000001,0.00998645168764533
938,-4.200000000000005,0.00998645168764533
939,-8.0,0.00998645168764533
940,-7.8,0.00998645168764533
941,-7.8,0.00998645168764533
942,-6.899999999999999,0.00998645168764533
943,2.89999999999997,0.00998645168764533
944,-8.1,0.00998645168764533
945,-8.2,0.00998645168764533
946,-6.899999999999999,0.00998645168764533
947,-2.5000000000000107,0.00998645168764533
948,-9.0,0.00998645168764533
949,-7.1,0.00998645168764533
950,-1.300000000000015,0.00998645168764533
951,-8.8,0.00998645168764533
952,-8.9,0.00998645168764533
953,-6.399999999999999,0.00998645168764533
954,-4.700000000000003,0.00998645168764533
955,-4.700000000000003,0.00998645168764533
956,-8.1,0.00998645168764533
957,-8.2,0.00998645168764533
958,-7.5,0.00998645168764533
959,-7.299999999999999,0.00998645168764533
960,-7.3999999999999995,0.00998645168764533
961,-6.899999999999999,0.00998645168764533
962,-6.299999999999999,0.00998645168764533
963,-6.599999999999999,0.00998645168764533
964,-8.3,0.00998645168764533
965,-5.200000000000001,0.00998645168764533
966,-4.300000000000004,0.00998645168764533
967,-2.5000000000000107,0.00998645168764533
968,-4.400000000000004,0.00998645168764533
969,-2.0000000000000124,0.00998645168764533
970,-5.6,0.00998645168764533
971,-5.200000000000001,0.00998645168764533
972,-5.4,0.00998645168764533
973,-1.8000000000000131,0.00998645168764533
974,-7.3999999999999995,0.00998645168764533
975,6.199999999999958,0.00998645168764533
976,-5.300000000000001,0.00998645168764533
977,4.099999999999966,0.00998645168764533
978,-3.200000000000008,0.00998645168764533
979,-1.9539925233402755e-14,0.00998645168764533
980,-7.8,0.00998645168764533
981,-6.099999999999998,0.00998645168764533
982,-8.0,0.00998645168764533
983,-6.299999999999999,0.00998645168764533
984,1.799999999999974,0.00998645168764533
985,-7.8,0.00998645168764533
986,-2.400000000000011,0.00998645168764533
987,-7.8,0.00998645168764533
988,-7.6,0.00998645168764533
989,-6.699999999999999,0.00998645168764533
990,-8.1,0.00998645168764533
991,-3.9000000000000057,0.00998645168764533
992,-5.6,0.00998645168764533
993,-5.6,0.00998645168764533
994,-7.1,0.00998645168764533
995,-2.2000000000000117,0.00998645168764533
996,-6.499999999999998,0.00998645168764533
997,-7.9,0.00998645168764533
998,-5.699999999999999,0.00998645168764533
999,-5.899999999999999,0.00998645168764533
1000,-5.100000000000001,0.00998645168764533
